epoch,activation_1_loss,activation_2_loss,activation_3_loss,activation_loss,loss,val_activation_1_loss,val_activation_2_loss,val_activation_3_loss,val_activation_loss,val_loss
0,2.255657434463501,2.1805968284606934,2.1145968437194824,1.754922866821289,8.305784225463867,1.4396144151687622,1.4356412887573242,1.3656994104385376,1.1664317846298218,5.407387733459473
1,1.4688379764556885,1.4471267461776733,1.376023769378662,1.1289317607879639,5.420919418334961,1.3729063272476196,1.3136693239212036,1.2388861179351807,0.978020191192627,4.903481960296631
2,1.4218891859054565,1.3252544403076172,1.2633976936340332,0.9655858874320984,4.976129055023193,1.361304759979248,1.1375981569290161,1.106840968132019,0.8105683326721191,4.416312217712402
3,1.405192255973816,1.1280957460403442,1.1475753784179688,0.7807722687721252,4.461639404296875,1.352298378944397,0.8239160180091858,0.9514144062995911,0.5388615131378174,3.6664907932281494
4,1.3603533506393433,0.891675591468811,1.0168577432632446,0.6165626645088196,3.885449171066284,1.2115753889083862,0.6138951778411865,0.8113792538642883,0.4315303564071655,3.068380355834961
